Order ID,Customer Age,Bike Value,Existing Customer?,Date,Store,Bike,quarter,day_of_month
11,57,902,No,2021-10-04T00:00:00Z,Birmingham,Road,4,4
12,31,946,Yes,2021-01-17T00:00:00Z,Leeds,Road,1,17
13,17,1296,Yes,2021-10-25T00:00:00Z,Birmingham,Road,4,25
14,59,1166,Yes,2021-07-18T00:00:00Z,Manchester,Road,3,18
15,24,1781,No,2021-10-10T00:00:00Z,Manchester,Mountain,4,10
16,59,1074,No,2021-10-06T00:00:00Z,York,Mountain,4,6
17,57,1188,No,2021-09-14T00:00:00Z,York,Mountain,3,14
18,56,544,No,2021-11-23T00:00:00Z,York,Mountain,4,23
19,34,579,Yes,2021-11-24T00:00:00Z,York,Gravel,4,24
20,17,1021,Yes,2021-06-24T00:00:00Z,York,Gravel,2,24
21,36,786,Yes,2021-06-09T00:00:00Z,London,Road,2,9
22,51,1596,No,2021-03-02T00:00:00Z,London,Road,1,2
23,24,745,No,2021-03-20T00:00:00Z,London,Road,1,20
24,50,1937,No,2021-06-13T00:00:00Z,London,Road,2,13
25,35,1958,No,2021-08-05T00:00:00Z,Leeds,Mountain,3,5
26,34,659,Yes,2021-11-21T00:00:00Z,Birmingham,Mountain,4,21
27,56,1403,Yes,2021-04-07T00:00:00Z,Leeds,Mountain,2,7
28,28,1347,Yes,2021-02-12T00:00:00Z,Birmingham,Mountain,1,12
29,24,1755,No,2021-02-07T00:00:00Z,Manchester,Gravel,1,7
30,54,1190,No,2021-02-03T00:00:00Z,Manchester,Gravel,1,3
31,50,1643,No,2021-08-17T00:00:00Z,York,Road,3,17
32,22,934,No,2021-01-29T00:00:00Z,York,Road,1,29
33,30,968,Yes,2021-10-13T00:00:00Z,York,Road,4,13
34,37,881,Yes,2021-09-21T00:00:00Z,York,Road,3,21
35,52,1413,Yes,2021-11-02T00:00:00Z,York,Mountain,4,2
36,59,1906,No,2021-04-30T00:00:00Z,London,Mountain,2,30
37,53,1889,No,2021-04-05T00:00:00Z,London,Mountain,2,5
38,56,1426,No,2021-08-20T00:00:00Z,London,Mountain,3,20
39,50,1116,No,2021-08-01T00:00:00Z,London,Gravel,3,1
40,15,1353,Yes,2021-05-08T00:00:00Z,Leeds,Gravel,2,8
41,28,768,Yes,2021-04-18T00:00:00Z,Birmingham,Road,2,18
42,56,1737,Yes,2021-03-07T00:00:00Z,Leeds,Road,1,7
43,47,826,No,2021-04-16T00:00:00Z,Birmingham,Road,2,16
44,28,1824,No,2021-07-01T00:00:00Z,Manchester,Road,3,1
45,18,1706,No,2021-01-18T00:00:00Z,Manchester,Mountain,1,18
46,38,1411,No,2021-03-30T00:00:00Z,York,Mountain,1,30
47,37,415,Yes,2021-05-13T00:00:00Z,York,Mountain,2,13
48,56,1894,Yes,2021-11-03T00:00:00Z,York,Mountain,4,3
49,15,653,Yes,2021-02-16T00:00:00Z,York,Gravel,1,16
50,56,1666,No,2021-06-30T00:00:00Z,York,Gravel,2,30
51,53,714,No,2021-06-01T00:00:00Z,London,Road,2,1
52,16,1557,No,2021-03-31T00:00:00Z,London,Road,1,31
53,21,653,No,2021-01-25T00:00:00Z,London,Road,1,25
54,42,936,Yes,2021-07-21T00:00:00Z,London,Road,3,21
55,22,1401,Yes,2021-08-21T00:00:00Z,Leeds,Mountain,3,21
56,18,638,Yes,2021-04-25T00:00:00Z,York,Mountain,2,25
57,25,1406,No,2021-04-25T00:00:00Z,York,Mountain,2,25
58,30,1948,No,2021-06-27T00:00:00Z,York,Mountain,2,27
59,28,1327,No,2021-04-17T00:00:00Z,York,Gravel,2,17
60,17,831,No,2021-11-09T00:00:00Z,York,Gravel,4,9
61,17,1081,Yes,2021-10-19T00:00:00Z,London,Road,4,19
62,73,1074,Yes,2021-10-17T00:00:00Z,London,Road,4,17
63,57,993,Yes,2021-01-10T00:00:00Z,London,Road,1,10
64,54,1569,No,2021-08-20T00:00:00Z,London,Road,3,20
65,26,683,No,2021-02-14T00:00:00Z,Leeds,Mountain,1,14
66,40,1579,No,2021-07-11T00:00:00Z,Birmingham,Mountain,3,11
67,22,871,No,2021-06-30T00:00:00Z,Leeds,Mountain,2,30
68,54,1136,Yes,2021-08-29T00:00:00Z,Birmingham,Mountain,3,29
69,21,1659,Yes,2021-09-16T00:00:00Z,Manchester,Gravel,3,16
70,24,1545,Yes,2021-02-22T00:00:00Z,Manchester,Gravel,1,22
71,60,887,No,2021-03-03T00:00:00Z,York,Road,1,3
72,32,433,No,2021-01-24T00:00:00Z,York,Road,1,24
73,37,675,No,2021-10-10T00:00:00Z,York,Road,4,10
74,39,516,No,2021-04-01T00:00:00Z,York,Road,2,1
75,23,1960,Yes,2021-08-30T00:00:00Z,York,Mountain,3,30
76,15,780,Yes,2021-04-14T00:00:00Z,London,Mountain,2,14
77,16,1858,Yes,2021-07-09T00:00:00Z,London,Mountain,3,9
78,20,429,No,2021-03-19T00:00:00Z,London,Mountain,1,19
79,47,1319,No,2021-07-26T00:00:00Z,London,Gravel,3,26
80,37,1988,No,2021-03-01T00:00:00Z,Leeds,Gravel,1,1
81,40,1605,No,2021-11-13T00:00:00Z,Birmingham,Road,4,13
82,52,870,Yes,2021-03-01T00:00:00Z,Leeds,Road,1,1
83,28,894,Yes,2021-06-24T00:00:00Z,Birmingham,Road,2,24
84,20,895,Yes,2021-08-26T00:00:00Z,Manchester,Road,3,26
85,60,681,No,2021-06-29T00:00:00Z,Manchester,Mountain,2,29
86,21,1841,No,2021-04-13T00:00:00Z,York,Mountain,2,13
87,57,487,No,2021-11-11T00:00:00Z,York,Mountain,4,11
88,44,574,No,2021-11-25T00:00:00Z,York,Mountain,4,25
89,56,1093,Yes,2021-12-01T00:00:00Z,York,Gravel,4,1
90,27,453,Yes,2021-04-17T00:00:00Z,York,Gravel,2,17
91,50,629,Yes,2021-08-27T00:00:00Z,London,Road,3,27
92,51,808,No,2021-03-15T00:00:00Z,London,Road,1,15
93,54,1661,No,2021-02-06T00:00:00Z,London,Road,1,6
94,31,1957,No,2021-07-17T00:00:00Z,London,Road,3,17
95,39,437,No,2021-08-08T00:00:00Z,Leeds,Mountain,3,8
96,31,1667,Yes,2021-09-08T00:00:00Z,Birmingham,Mountain,3,8
97,60,1779,Yes,2021-07-21T00:00:00Z,Leeds,Mountain,3,21
98,50,1892,Yes,2021-04-25T00:00:00Z,Birmingham,Mountain,2,25
99,58,1772,No,2021-05-21T00:00:00Z,Manchester,Gravel,2,21
100,25,1155,No,2021-02-23T00:00:00Z,Manchester,Gravel,1,23
101,35,896,No,2021-07-29T00:00:00Z,York,Road,3,29
102,24,602,No,2021-10-26T00:00:00Z,York,Road,4,26
103,22,993,Yes,2021-09-24T00:00:00Z,York,Road,3,24
104,18,1973,Yes,2021-05-04T00:00:00Z,York,Road,2,4
105,39,789,Yes,2021-02-19T00:00:00Z,York,Mountain,1,19
106,28,1283,No,2021-04-06T00:00:00Z,London,Mountain,2,6
107,43,1246,No,2021-10-18T00:00:00Z,London,Mountain,4,18
108,44,1163,No,2021-04-11T00:00:00Z,London,Mountain,2,11
109,29,564,No,2021-02-08T00:00:00Z,London,Gravel,1,8
110,18,792,Yes,2021-02-19T00:00:00Z,Leeds,Gravel,1,19
111,45,1749,Yes,2021-11-24T00:00:00Z,York,Road,4,24
112,47,883,Yes,2021-11-08T00:00:00Z,York,Road,4,8
113,40,1877,No,2021-07-04T00:00:00Z,York,Road,3,4
114,17,420,No,2021-07-08T00:00:00Z,York,Road,3,8
115,47,1018,No,2021-09-17T00:00:00Z,York,Mountain,3,17
116,27,480,No,2021-09-12T00:00:00Z,London,Mountain,3,12
117,26,678,Yes,2021-03-25T00:00:00Z,London,Mountain,1,25
118,30,1830,Yes,2021-09-06T00:00:00Z,London,Mountain,3,6
119,39,1722,Yes,2021-07-09T00:00:00Z,London,Gravel,3,9
120,39,891,No,2021-05-31T00:00:00Z,Leeds,Gravel,2,31
121,46,1404,No,2021-06-28T00:00:00Z,Birmingham,Road,2,28
122,44,1767,No,2021-05-25T00:00:00Z,Leeds,Road,2,25
123,54,470,No,2021-09-15T00:00:00Z,Birmingham,Road,3,15
124,37,1572,Yes,2021-03-07T00:00:00Z,Manchester,Road,1,7
125,20,1898,Yes,2021-02-10T00:00:00Z,Manchester,Mountain,1,10
126,18,1158,Yes,2021-03-16T00:00:00Z,York,Mountain,1,16
127,37,654,No,2021-10-21T00:00:00Z,York,Mountain,4,21
128,41,955,No,2021-04-07T00:00:00Z,York,Mountain,2,7
129,39,1786,No,2021-06-02T00:00:00Z,York,Gravel,2,2
130,26,1387,No,2021-08-28T00:00:00Z,York,Gravel,3,28
131,58,432,Yes,2021-06-08T00:00:00Z,London,Road,2,8
132,58,658,Yes,2021-10-22T00:00:00Z,London,Road,4,22
133,40,1006,Yes,2021-01-20T00:00:00Z,London,Road,1,20
134,49,971,No,2021-01-12T00:00:00Z,London,Road,1,12
135,60,1175,No,2021-06-16T00:00:00Z,Leeds,Mountain,2,16
136,59,1224,No,2021-01-22T00:00:00Z,Birmingham,Mountain,1,22
137,57,1994,No,2021-06-30T00:00:00Z,Leeds,Mountain,2,30
138,44,1434,Yes,2021-03-23T00:00:00Z,Birmingham,Mountain,1,23
139,41,472,Yes,2021-07-14T00:00:00Z,Manchester,Gravel,3,14
140,27,1625,Yes,2021-07-07T00:00:00Z,Manchester,Gravel,3,7
141,48,638,No,2021-06-29T00:00:00Z,York,Road,2,29
142,35,1183,No,2021-11-17T00:00:00Z,York,Road,4,17
143,30,1415,No,2021-04-23T00:00:00Z,York,Road,2,23
144,36,718,No,2021-08-19T00:00:00Z,York,Road,3,19
145,59,1108,Yes,2021-01-26T00:00:00Z,York,Mountain,1,26
146,25,1399,Yes,2021-10-01T00:00:00Z,London,Mountain,4,1
147,21,1442,Yes,2021-09-26T00:00:00Z,London,Mountain,3,26
148,40,874,No,2021-05-29T00:00:00Z,London,Mountain,2,29
149,36,461,No,2021-04-28T00:00:00Z,London,Gravel,2,28
150,34,1947,No,2021-08-16T00:00:00Z,Leeds,Gravel,3,16
151,40,1283,No,2021-03-05T00:00:00Z,Birmingham,Road,1,5
152,57,1567,Yes,2021-04-18T00:00:00Z,Leeds,Road,2,18
153,49,1333,Yes,2021-12-08T00:00:00Z,Birmingham,Road,4,8
154,31,905,Yes,2021-11-02T00:00:00Z,Manchester,Road,4,2
155,28,1277,No,2021-06-03T00:00:00Z,Manchester,Mountain,2,3
156,36,1548,No,2021-09-09T00:00:00Z,York,Mountain,3,9
157,18,1020,No,2021-01-16T00:00:00Z,York,Mountain,1,16
158,59,534,No,2021-02-21T00:00:00Z,York,Mountain,1,21
159,29,795,Yes,2021-02-03T00:00:00Z,York,Gravel,1,3
160,27,1400,Yes,2021-07-04T00:00:00Z,York,Gravel,3,4
161,54,1663,Yes,2021-01-28T00:00:00Z,London,Road,1,28
162,17,471,No,2021-01-24T00:00:00Z,London,Road,1,24
163,32,857,No,2021-09-18T00:00:00Z,London,Road,3,18
164,17,1889,No,2021-10-04T00:00:00Z,London,Road,4,4
165,52,1830,No,2021-03-25T00:00:00Z,Leeds,Mountain,1,25
166,15,975,Yes,2021-05-01T00:00:00Z,York,Mountain,2,1
167,39,861,Yes,2021-06-01T00:00:00Z,York,Mountain,2,1
168,41,1898,Yes,2021-07-06T00:00:00Z,York,Mountain,3,6
169,15,611,No,2021-03-20T00:00:00Z,York,Gravel,1,20
170,36,1021,No,2021-07-30T00:00:00Z,York,Gravel,3,30
171,37,1520,No,2021-02-02T00:00:00Z,London,Road,1,2
172,22,1778,No,2021-11-26T00:00:00Z,London,Road,4,26
173,59,933,Yes,2021-05-16T00:00:00Z,London,Road,2,16
174,57,443,Yes,2021-05-16T00:00:00Z,London,Road,2,16
175,37,923,Yes,2021-03-12T00:00:00Z,Leeds,Mountain,1,12
176,48,696,No,2021-10-18T00:00:00Z,Birmingham,Mountain,4,18
177,41,789,No,2021-04-30T00:00:00Z,Leeds,Mountain,2,30
178,47,1352,No,2021-06-28T00:00:00Z,Birmingham,Mountain,2,28
179,30,1426,No,2021-07-22T00:00:00Z,Manchester,Gravel,3,22
180,36,1011,Yes,2021-04-12T00:00:00Z,Manchester,Gravel,2,12
181,44,1506,Yes,2021-03-27T00:00:00Z,York,Road,1,27
182,31,1205,Yes,2021-10-28T00:00:00Z,York,Road,4,28
183,36,660,No,2021-11-13T00:00:00Z,York,Road,4,13
184,38,1052,No,2021-07-09T00:00:00Z,York,Road,3,9
185,50,1742,No,2021-10-28T00:00:00Z,York,Mountain,4,28
186,47,765,No,2021-06-10T00:00:00Z,London,Mountain,2,10
187,29,1195,Yes,2021-10-02T00:00:00Z,London,Mountain,4,2
188,31,1343,Yes,2021-08-24T00:00:00Z,London,Mountain,3,24
189,42,725,Yes,2021-06-21T00:00:00Z,London,Gravel,2,21
190,44,928,No,2021-01-25T00:00:00Z,Leeds,Gravel,1,25
191,28,1736,No,2021-03-08T00:00:00Z,Birmingham,Road,1,8
192,26,1653,No,2021-04-26T00:00:00Z,Leeds,Road,2,26
193,34,1045,No,2021-01-26T00:00:00Z,Birmingham,Road,1,26
194,35,1245,Yes,2021-06-14T00:00:00Z,Manchester,Road,2,14
195,47,1980,Yes,2021-03-20T00:00:00Z,Manchester,Mountain,1,20
196,43,1881,Yes,2021-10-18T00:00:00Z,York,Mountain,4,18
197,49,1691,No,2021-11-05T00:00:00Z,York,Mountain,4,5
198,37,535,No,2021-08-18T00:00:00Z,York,Mountain,3,18
199,25,816,No,2021-09-06T00:00:00Z,York,Gravel,3,6
200,30,999,No,2021-10-07T00:00:00Z,York,Gravel,4,7
201,34,1255,Yes,2021-01-26T00:00:00Z,London,Road,1,26
202,41,1998,Yes,2021-04-06T00:00:00Z,London,Road,2,6
203,37,1610,Yes,2021-08-14T00:00:00Z,London,Road,3,14
204,25,1438,No,2021-05-19T00:00:00Z,London,Road,2,19
205,27,1203,No,2021-04-24T00:00:00Z,Leeds,Mountain,2,24
206,29,1626,No,2021-04-05T00:00:00Z,Birmingham,Mountain,2,5
207,32,1833,No,2021-07-29T00:00:00Z,Leeds,Mountain,3,29
208,46,1133,Yes,2021-05-18T00:00:00Z,Birmingham,Mountain,2,18
209,30,1113,Yes,2021-02-04T00:00:00Z,Manchester,Gravel,1,4
210,34,1544,Yes,2021-02-02T00:00:00Z,Manchester,Gravel,1,2
211,41,787,No,2021-04-19T00:00:00Z,York,Road,2,19
212,38,641,No,2021-11-30T00:00:00Z,York,Road,4,30
213,30,596,No,2021-02-21T00:00:00Z,York,Road,1,21
214,49,645,No,2021-06-07T00:00:00Z,York,Road,2,7
215,50,1906,Yes,2021-05-14T00:00:00Z,York,Mountain,2,14
216,33,1923,Yes,2021-05-13T00:00:00Z,London,Mountain,2,13
217,44,607,Yes,2021-10-04T00:00:00Z,London,Mountain,4,4
218,36,1773,No,2021-02-26T00:00:00Z,London,Mountain,1,26
219,34,936,No,2021-04-02T00:00:00Z,London,Gravel,2,2
220,33,1399,No,2021-04-04T00:00:00Z,Leeds,Gravel,2,4
221,48,433,No,2021-09-18T00:00:00Z,York,Road,3,18
222,29,1415,Yes,2021-06-13T00:00:00Z,York,Road,2,13
223,30,1327,Yes,2021-06-26T00:00:00Z,York,Road,2,26
224,35,1105,Yes,2021-04-15T00:00:00Z,York,Road,2,15
225,39,1496,No,2021-05-30T00:00:00Z,York,Mountain,2,30
226,35,1949,No,2021-07-09T00:00:00Z,London,Mountain,3,9
227,43,910,No,2021-03-10T00:00:00Z,London,Mountain,1,10
228,36,1317,No,2021-08-27T00:00:00Z,London,Mountain,3,27
229,27,646,Yes,2021-01-16T00:00:00Z,London,Gravel,1,16
230,27,419,Yes,2021-10-29T00:00:00Z,Leeds,Gravel,4,29
231,25,1593,Yes,2021-03-21T00:00:00Z,Birmingham,Road,1,21
232,37,889,No,2021-05-04T00:00:00Z,Leeds,Road,2,4
233,29,877,No,2021-10-23T00:00:00Z,Birmingham,Road,4,23
234,46,1073,No,2021-04-01T00:00:00Z,Manchester,Road,2,1
235,35,1360,No,2021-08-02T00:00:00Z,Manchester,Mountain,3,2
236,40,1482,Yes,2021-09-12T00:00:00Z,York,Mountain,3,12
237,40,545,Yes,2021-10-16T00:00:00Z,York,Mountain,4,16
238,34,1644,Yes,2021-06-20T00:00:00Z,York,Mountain,2,20
239,34,1899,No,2021-11-28T00:00:00Z,York,Gravel,4,28
240,36,1108,No,2021-02-19T00:00:00Z,York,Gravel,1,19
241,37,1024,No,2021-11-22T00:00:00Z,London,Road,4,22
242,28,1404,No,2021-04-11T00:00:00Z,London,Road,2,11
243,29,1549,Yes,2021-02-26T00:00:00Z,London,Road,1,26
244,36,1189,Yes,2021-04-15T00:00:00Z,London,Road,2,15
245,42,1076,Yes,2021-10-05T00:00:00Z,Leeds,Mountain,4,5
246,43,976,No,2021-11-15T00:00:00Z,Birmingham,Mountain,4,15
247,31,1284,No,2021-03-01T00:00:00Z,Leeds,Mountain,1,1
248,48,532,No,2021-04-19T00:00:00Z,Birmingham,Mountain,2,19
249,25,1070,No,2021-02-13T00:00:00Z,Manchester,Gravel,1,13
250,38,1132,Yes,2021-01-08T00:00:00Z,Manchester,Gravel,1,8
251,33,633,Yes,2021-09-18T00:00:00Z,York,Road,3,18
252,40,1237,Yes,2021-11-12T00:00:00Z,York,Road,4,12
253,31,533,No,2021-06-09T00:00:00Z,York,Road,2,9
254,32,1758,No,2021-09-03T00:00:00Z,York,Road,3,3
255,33,843,No,2021-10-03T00:00:00Z,York,Mountain,4,3
256,48,736,No,2021-08-30T00:00:00Z,London,Mountain,3,30
257,49,1755,Yes,2021-01-26T00:00:00Z,London,Mountain,1,26
258,42,1014,Yes,2021-10-14T00:00:00Z,London,Mountain,4,14
259,35,995,Yes,2021-09-11T00:00:00Z,London,Gravel,3,11
260,41,572,No,2021-09-28T00:00:00Z,Leeds,Gravel,3,28
261,31,537,No,2021-06-27T00:00:00Z,Birmingham,Road,2,27
262,47,1493,No,2021-07-03T00:00:00Z,Leeds,Road,3,3
263,25,1979,No,2021-06-23T00:00:00Z,Birmingham,Road,2,23
264,45,525,Yes,2021-04-22T00:00:00Z,Manchester,Road,2,22
265,25,1620,Yes,2021-01-30T00:00:00Z,Manchester,Mountain,1,30
266,45,1761,Yes,2021-04-10T00:00:00Z,York,Mountain,2,10
267,29,1628,No,2021-04-15T00:00:00Z,York,Mountain,2,15
268,35,1490,No,2021-09-26T00:00:00Z,York,Mountain,3,26
269,34,656,No,2021-06-16T00:00:00Z,York,Gravel,2,16
270,25,1721,No,2021-02-15T00:00:00Z,York,Gravel,1,15
271,50,1526,Yes,2021-03-24T00:00:00Z,London,Road,1,24
272,32,913,Yes,2021-09-07T00:00:00Z,London,Road,3,7
273,26,1472,Yes,2021-05-26T00:00:00Z,London,Road,2,26
274,26,979,No,2021-04-02T00:00:00Z,London,Road,2,2
275,43,1587,No,2021-07-27T00:00:00Z,Leeds,Mountain,3,27
276,47,1794,No,2021-11-08T00:00:00Z,York,Mountain,4,8
277,40,1697,No,2021-10-26T00:00:00Z,York,Mountain,4,26
278,48,1833,Yes,2021-04-03T00:00:00Z,York,Mountain,2,3
279,35,520,Yes,2021-06-03T00:00:00Z,York,Gravel,2,3
280,33,659,Yes,2021-06-29T00:00:00Z,York,Gravel,2,29
281,44,1888,No,2021-07-28T00:00:00Z,London,Road,3,28
282,43,1677,No,2021-10-09T00:00:00Z,London,Road,4,9
283,48,1486,No,2021-09-18T00:00:00Z,London,Road,3,18
284,40,1913,No,2021-03-04T00:00:00Z,London,Road,1,4
285,37,839,Yes,2021-08-23T00:00:00Z,Leeds,Mountain,3,23
286,45,1652,Yes,2021-02-15T00:00:00Z,Birmingham,Mountain,1,15
287,46,1833,Yes,2021-06-29T00:00:00Z,Leeds,Mountain,2,29
288,29,765,No,2021-06-11T00:00:00Z,Birmingham,Mountain,2,11
289,33,990,No,2021-03-25T00:00:00Z,Manchester,Gravel,1,25
290,37,1116,No,2021-01-16T00:00:00Z,Manchester,Gravel,1,16
291,34,657,No,2021-11-22T00:00:00Z,York,Road,4,22
292,36,567,Yes,2021-08-04T00:00:00Z,York,Road,3,4
293,42,1839,Yes,2021-10-06T00:00:00Z,York,Road,4,6
294,33,770,Yes,2021-06-09T00:00:00Z,York,Road,2,9
295,45,649,No,2021-06-05T00:00:00Z,York,Mountain,2,5
296,34,1120,No,2021-03-27T00:00:00Z,London,Mountain,1,27
297,49,1266,No,2021-02-12T00:00:00Z,London,Mountain,1,12
298,41,828,No,2021-03-08T00:00:00Z,London,Mountain,1,8
299,35,1968,Yes,2021-06-06T00:00:00Z,London,Gravel,2,6
300,49,602,Yes,2021-09-26T00:00:00Z,Leeds,Gravel,3,26
301,33,1076,Yes,2021-10-12T00:00:00Z,Birmingham,Road,4,12
302,48,1840,No,2021-06-29T00:00:00Z,Leeds,Road,2,29
303,39,620,No,2021-02-24T00:00:00Z,Birmingham,Road,1,24
304,40,1305,No,2021-10-08T00:00:00Z,Manchester,Road,4,8
305,50,655,No,2021-03-13T00:00:00Z,Manchester,Mountain,1,13
306,29,1785,Yes,2021-06-02T00:00:00Z,York,Mountain,2,2
307,43,1086,Yes,2021-11-10T00:00:00Z,York,Mountain,4,10
308,26,1769,Yes,2021-03-20T00:00:00Z,York,Mountain,1,20
309,33,1468,No,2021-11-04T00:00:00Z,York,Gravel,4,4
310,35,1020,No,2021-04-12T00:00:00Z,York,Gravel,2,12
311,29,453,No,2021-04-18T00:00:00Z,London,Road,2,18
312,50,1560,No,2021-10-29T00:00:00Z,London,Road,4,29
313,39,680,Yes,2021-02-28T00:00:00Z,London,Road,1,28
314,38,1520,Yes,2021-05-12T00:00:00Z,London,Road,2,12
315,38,1010,Yes,2021-05-15T00:00:00Z,Leeds,Mountain,2,15
316,33,460,No,2021-02-02T00:00:00Z,Birmingham,Mountain,1,2
317,41,631,No,2021-07-07T00:00:00Z,Leeds,Mountain,3,7
318,40,1581,No,2021-04-23T00:00:00Z,Birmingham,Mountain,2,23
319,40,1370,No,2021-04-14T00:00:00Z,Manchester,Gravel,2,14
320,35,1499,Yes,2021-03-10T00:00:00Z,Manchester,Gravel,1,10
321,26,446,Yes,2021-09-08T00:00:00Z,York,Road,3,8
322,28,417,Yes,2021-10-27T00:00:00Z,York,Road,4,27
323,50,1452,No,2021-05-31T00:00:00Z,York,Road,2,31
324,40,416,No,2021-03-05T00:00:00Z,York,Road,1,5
325,50,508,No,2021-03-06T00:00:00Z,York,Mountain,1,6
326,47,1863,No,2021-11-15T00:00:00Z,London,Mountain,4,15
327,40,1018,Yes,2021-08-12T00:00:00Z,London,Mountain,3,12
328,37,583,Yes,2021-08-14T00:00:00Z,London,Mountain,3,14
329,38,1288,Yes,2021-09-11T00:00:00Z,London,Gravel,3,11
330,35,1945,No,2021-08-19T00:00:00Z,Leeds,Gravel,3,19
331,26,673,No,2021-12-02T00:00:00Z,York,Road,4,2
332,50,1566,No,2021-07-30T00:00:00Z,York,Road,3,30
333,47,841,No,2021-05-06T00:00:00Z,York,Road,2,6
334,33,1595,Yes,2021-03-05T00:00:00Z,York,Road,1,5
335,31,1837,Yes,2021-03-07T00:00:00Z,York,Mountain,1,7
336,40,1153,Yes,2021-03-21T00:00:00Z,London,Mountain,1,21
337,47,477,No,2021-07-19T00:00:00Z,London,Mountain,3,19
338,41,1248,No,2021-12-04T00:00:00Z,London,Mountain,4,4
339,46,984,No,2021-09-17T00:00:00Z,London,Gravel,3,17
340,33,1444,No,2021-06-07T00:00:00Z,Leeds,Gravel,2,7
341,40,1309,Yes,2021-03-03T00:00:00Z,Birmingham,Road,1,3
342,31,1769,Yes,2021-02-17T00:00:00Z,Leeds,Road,1,17
343,33,1081,Yes,2021-09-01T00:00:00Z,Birmingham,Road,3,1
344,34,413,No,2021-04-18T00:00:00Z,Manchester,Road,2,18
345,35,1985,No,2021-10-19T00:00:00Z,Manchester,Mountain,4,19
346,76,1304,No,2021-10-29T00:00:00Z,York,Mountain,4,29
347,46,1093,No,2021-03-29T00:00:00Z,York,Mountain,1,29
348,29,1952,Yes,2021-09-23T00:00:00Z,York,Mountain,3,23
349,37,1915,Yes,2021-08-17T00:00:00Z,York,Gravel,3,17
350,47,461,Yes,2021-03-06T00:00:00Z,York,Gravel,1,6
351,36,1702,No,2021-09-26T00:00:00Z,London,Road,3,26
352,40,981,No,2021-08-29T00:00:00Z,London,Road,3,29
353,47,1898,No,2021-01-12T00:00:00Z,London,Road,1,12
354,35,1428,No,2021-02-18T00:00:00Z,London,Road,1,18
355,45,1715,Yes,2021-02-02T00:00:00Z,Leeds,Mountain,1,2
356,44,1479,Yes,2021-07-13T00:00:00Z,Birmingham,Mountain,3,13
357,47,839,Yes,2021-04-05T00:00:00Z,Leeds,Mountain,2,5
358,39,1429,No,2021-11-03T00:00:00Z,Birmingham,Mountain,4,3
359,28,1682,No,2021-05-20T00:00:00Z,Manchester,Gravel,2,20
360,45,778,No,2021-04-04T00:00:00Z,Manchester,Gravel,2,4
361,38,498,No,2021-03-24T00:00:00Z,York,Road,1,24
362,25,536,Yes,2021-06-17T00:00:00Z,York,Road,2,17
363,43,1234,Yes,2021-10-10T00:00:00Z,York,Road,4,10
364,26,1983,Yes,2021-12-02T00:00:00Z,York,Road,4,2
365,44,1737,No,2021-10-24T00:00:00Z,York,Mountain,4,24
366,47,1040,No,2021-03-23T00:00:00Z,London,Mountain,1,23
367,28,1027,No,2021-04-13T00:00:00Z,London,Mountain,2,13
368,36,1490,No,2021-06-11T00:00:00Z,London,Mountain,2,11
369,30,1794,Yes,2021-08-26T00:00:00Z,London,Gravel,3,26
370,45,1566,Yes,2021-06-05T00:00:00Z,Leeds,Gravel,2,5
371,41,1427,Yes,2021-02-20T00:00:00Z,Birmingham,Road,1,20
372,27,1420,No,2021-11-13T00:00:00Z,Leeds,Road,4,13
373,28,897,No,2021-03-26T00:00:00Z,Birmingham,Road,1,26
374,32,778,No,2021-08-24T00:00:00Z,Manchester,Road,3,24
375,35,1615,No,2021-02-12T00:00:00Z,Manchester,Mountain,1,12
376,50,1177,Yes,2021-02-11T00:00:00Z,York,Mountain,1,11
377,25,1301,Yes,2021-08-04T00:00:00Z,York,Mountain,3,4
378,25,1848,Yes,2021-07-07T00:00:00Z,York,Mountain,3,7
379,27,1638,No,2021-06-17T00:00:00Z,York,Gravel,2,17
380,26,1134,No,2021-10-10T00:00:00Z,York,Gravel,4,10
381,43,1465,No,2021-03-20T00:00:00Z,London,Road,1,20
382,29,1298,No,2021-06-27T00:00:00Z,London,Road,2,27
383,43,701,Yes,2021-10-03T00:00:00Z,London,Road,4,3
384,50,646,Yes,2021-10-20T00:00:00Z,London,Road,4,20
385,42,1293,Yes,2021-05-29T00:00:00Z,Leeds,Mountain,2,29
386,35,644,No,2021-08-29T00:00:00Z,York,Mountain,3,29
387,27,1411,No,2021-04-03T00:00:00Z,York,Mountain,2,3
388,28,1810,No,2021-04-05T00:00:00Z,York,Mountain,2,5
389,46,1107,No,2021-05-04T00:00:00Z,York,Gravel,2,4
390,48,1226,Yes,2021-05-13T00:00:00Z,York,Gravel,2,13
391,27,1278,Yes,2021-08-12T00:00:00Z,London,Road,3,12
392,50,1968,Yes,2021-11-18T00:00:00Z,London,Road,4,18
393,38,1499,No,2021-08-05T00:00:00Z,London,Road,3,5
394,35,632,No,2021-06-21T00:00:00Z,London,Road,2,21
395,44,1180,No,2021-11-14T00:00:00Z,Leeds,Mountain,4,14
396,34,1565,No,2021-03-02T00:00:00Z,Birmingham,Mountain,1,2
397,36,1941,Yes,2021-10-15T00:00:00Z,Leeds,Mountain,4,15
398,46,1539,Yes,2021-09-11T00:00:00Z,Birmingham,Mountain,3,11
399,34,1695,Yes,2021-02-16T00:00:00Z,Manchester,Gravel,1,16
400,25,1562,No,2021-10-10T00:00:00Z,Manchester,Gravel,4,10
401,49,1262,No,2021-11-27T00:00:00Z,York,Road,4,27
402,44,951,No,2021-05-06T00:00:00Z,York,Road,2,6
403,25,1814,No,2021-07-10T00:00:00Z,York,Road,3,10
404,49,1817,Yes,2021-11-06T00:00:00Z,York,Road,4,6
405,43,1921,Yes,2021-07-31T00:00:00Z,York,Mountain,3,31
406,39,1877,Yes,2021-11-06T00:00:00Z,London,Mountain,4,6
407,47,528,No,2021-09-19T00:00:00Z,London,Mountain,3,19
408,42,1033,No,2021-06-15T00:00:00Z,London,Mountain,2,15
409,47,1145,No,2021-07-10T00:00:00Z,London,Gravel,3,10
410,34,1803,No,2021-08-06T00:00:00Z,Leeds,Gravel,3,6
411,36,616,Yes,2021-02-03T00:00:00Z,Birmingham,Road,1,3
412,49,893,Yes,2021-09-22T00:00:00Z,Leeds,Road,3,22
413,25,478,Yes,2021-11-01T00:00:00Z,Birmingham,Road,4,1
414,43,827,No,2021-06-08T00:00:00Z,Manchester,Road,2,8
415,27,1513,No,2021-06-12T00:00:00Z,Manchester,Mountain,2,12
416,37,1365,No,2021-05-06T00:00:00Z,York,Mountain,2,6
417,46,1610,No,2021-03-13T00:00:00Z,York,Mountain,1,13
418,40,606,Yes,2021-03-01T00:00:00Z,York,Mountain,1,1
419,41,588,Yes,2021-02-21T00:00:00Z,York,Gravel,1,21
420,25,1807,Yes,2021-02-08T00:00:00Z,York,Gravel,1,8
421,36,1621,No,2021-05-11T00:00:00Z,London,Road,2,11
422,37,959,No,2021-03-31T00:00:00Z,London,Road,1,31
423,44,1730,No,2021-07-05T00:00:00Z,London,Road,3,5
424,44,465,No,2021-07-31T00:00:00Z,London,Road,3,31
425,50,1133,Yes,2021-10-07T00:00:00Z,Leeds,Mountain,4,7
426,47,1315,Yes,2021-05-14T00:00:00Z,Birmingham,Mountain,2,14
427,50,1738,Yes,2021-10-05T00:00:00Z,Leeds,Mountain,4,5
428,45,1378,No,2021-06-11T00:00:00Z,Birmingham,Mountain,2,11
429,34,879,No,2021-06-14T00:00:00Z,Manchester,Gravel,2,14
430,39,1816,No,2021-11-29T00:00:00Z,Manchester,Gravel,4,29
431,37,643,No,2021-05-14T00:00:00Z,York,Road,2,14
432,32,1279,Yes,2021-04-13T00:00:00Z,York,Road,2,13
433,31,991,Yes,2021-02-03T00:00:00Z,York,Road,1,3
434,26,884,Yes,2021-07-21T00:00:00Z,York,Road,3,21
435,34,850,No,2021-07-15T00:00:00Z,York,Mountain,3,15
436,25,1524,No,2021-04-27T00:00:00Z,London,Mountain,2,27
437,30,1723,No,2021-06-04T00:00:00Z,London,Mountain,2,4
438,35,858,No,2021-10-23T00:00:00Z,London,Mountain,4,23
439,31,405,Yes,2021-06-20T00:00:00Z,London,Gravel,2,20
440,31,839,Yes,2021-02-13T00:00:00Z,Leeds,Gravel,1,13
441,26,1500,Yes,2021-11-02T00:00:00Z,York,Road,4,2
442,35,1697,No,2021-05-15T00:00:00Z,York,Road,2,15
443,45,518,No,2021-03-16T00:00:00Z,York,Road,1,16
444,39,1893,No,2021-03-04T00:00:00Z,York,Road,1,4
445,48,1422,No,2021-07-13T00:00:00Z,York,Mountain,3,13
446,29,1573,Yes,2021-09-11T00:00:00Z,London,Mountain,3,11
447,46,1409,Yes,2021-09-11T00:00:00Z,London,Mountain,3,11
448,41,1097,Yes,2021-11-07T00:00:00Z,London,Mountain,4,7
449,38,1704,No,2021-02-15T00:00:00Z,London,Gravel,1,15
450,32,1145,No,2021-06-30T00:00:00Z,Leeds,Gravel,2,30
451,40,1023,No,2021-02-26T00:00:00Z,Birmingham,Road,1,26
452,26,1864,No,2021-10-04T00:00:00Z,Leeds,Road,4,4
453,35,1574,Yes,2021-06-01T00:00:00Z,Birmingham,Road,2,1
454,45,731,Yes,2021-04-19T00:00:00Z,Manchester,Road,2,19
455,47,1895,Yes,2021-10-04T00:00:00Z,Manchester,Mountain,4,4
456,49,687,No,2021-08-16T00:00:00Z,York,Mountain,3,16
457,33,1731,No,2021-04-23T00:00:00Z,York,Mountain,2,23
458,39,771,No,2021-05-03T00:00:00Z,York,Mountain,2,3
459,33,1473,No,2021-02-14T00:00:00Z,York,Gravel,1,14
460,34,1499,Yes,2021-08-08T00:00:00Z,York,Gravel,3,8
461,36,874,Yes,2021-04-10T00:00:00Z,London,Road,2,10
462,40,406,Yes,2021-11-04T00:00:00Z,London,Road,4,4
463,34,822,No,2021-07-20T00:00:00Z,London,Road,3,20
464,43,463,No,2021-09-17T00:00:00Z,London,Road,3,17
465,38,594,No,2021-09-12T00:00:00Z,Leeds,Mountain,3,12
466,36,559,No,2021-06-26T00:00:00Z,Birmingham,Mountain,2,26
467,30,1397,Yes,2021-08-07T00:00:00Z,Leeds,Mountain,3,7
468,41,651,Yes,2021-09-28T00:00:00Z,Birmingham,Mountain,3,28
469,33,1357,Yes,2021-05-16T00:00:00Z,Manchester,Gravel,2,16
470,27,744,No,2021-10-22T00:00:00Z,Manchester,Gravel,4,22
471,46,1595,No,2021-01-31T00:00:00Z,York,Road,1,31
472,31,1180,No,2021-11-15T00:00:00Z,York,Road,4,15
473,30,1459,No,2021-04-05T00:00:00Z,York,Road,2,5
474,38,1588,Yes,2021-09-08T00:00:00Z,York,Road,3,8
475,37,401,Yes,2021-02-23T00:00:00Z,York,Mountain,1,23
476,32,1830,Yes,2021-08-05T00:00:00Z,London,Mountain,3,5
477,28,1685,No,2021-08-08T00:00:00Z,London,Mountain,3,8
478,39,1494,No,2021-06-27T00:00:00Z,London,Mountain,2,27
479,47,1434,No,2021-05-13T00:00:00Z,London,Gravel,2,13
480,45,542,No,2021-11-08T00:00:00Z,Leeds,Gravel,4,8
481,38,1158,Yes,2021-10-11T00:00:00Z,Birmingham,Road,4,11
482,47,1835,Yes,2021-01-23T00:00:00Z,Leeds,Road,1,23
483,48,1474,Yes,2021-10-30T00:00:00Z,Birmingham,Road,4,30
484,31,1619,No,2021-11-08T00:00:00Z,Manchester,Road,4,8
485,35,693,No,2021-06-30T00:00:00Z,Manchester,Mountain,2,30
486,41,1892,No,2021-06-17T00:00:00Z,York,Mountain,2,17
487,46,820,No,2021-10-13T00:00:00Z,York,Mountain,4,13
488,25,1599,Yes,2021-03-17T00:00:00Z,York,Mountain,1,17
489,44,1567,Yes,2021-06-24T00:00:00Z,York,Gravel,2,24
490,41,1944,Yes,2021-03-06T00:00:00Z,York,Gravel,1,6
491,28,1147,No,2021-05-25T00:00:00Z,London,Road,2,25
492,42,1859,No,2021-11-23T00:00:00Z,London,Road,4,23
493,31,794,No,2021-10-21T00:00:00Z,London,Road,4,21
494,27,1306,No,2021-12-07T00:00:00Z,London,Road,4,7
495,27,1784,Yes,2021-10-28T00:00:00Z,Leeds,Mountain,4,28
496,25,1302,Yes,2021-10-30T00:00:00Z,York,Mountain,4,30
497,44,437,Yes,2021-04-23T00:00:00Z,York,Mountain,2,23
498,33,940,No,2021-11-10T00:00:00Z,York,Mountain,4,10
499,30,921,No,2021-07-30T00:00:00Z,York,Gravel,3,30
500,31,1378,No,2021-01-12T00:00:00Z,York,Gravel,1,12
501,25,838,No,2021-06-11T00:00:00Z,London,Road,2,11
502,45,1428,Yes,2021-10-06T00:00:00Z,London,Road,4,6
503,32,652,Yes,2021-05-06T00:00:00Z,London,Road,2,6
504,48,1616,Yes,2021-07-01T00:00:00Z,London,Road,3,1
505,34,885,No,2021-09-15T00:00:00Z,Leeds,Mountain,3,15
506,31,1913,No,2021-08-02T00:00:00Z,Birmingham,Mountain,3,2
507,46,742,No,2021-03-12T00:00:00Z,Leeds,Mountain,1,12
508,34,1083,No,2021-06-17T00:00:00Z,Birmingham,Mountain,2,17
509,26,1628,Yes,2021-03-14T00:00:00Z,Manchester,Gravel,1,14
510,32,1234,Yes,2021-03-08T00:00:00Z,Manchester,Gravel,1,8
511,43,1656,Yes,2021-09-14T00:00:00Z,York,Road,3,14
512,33,786,No,2021-11-12T00:00:00Z,York,Road,4,12
513,50,1931,No,2021-04-30T00:00:00Z,York,Road,2,30
514,49,1238,No,2021-08-23T00:00:00Z,York,Road,3,23
515,41,927,No,2021-04-02T00:00:00Z,York,Mountain,2,2
516,43,804,Yes,2021-06-25T00:00:00Z,London,Mountain,2,25
517,44,889,Yes,2021-06-11T00:00:00Z,London,Mountain,2,11
518,38,1489,Yes,2021-05-03T00:00:00Z,London,Mountain,2,3
519,29,989,No,2021-07-28T00:00:00Z,London,Gravel,3,28
520,40,767,No,2021-03-13T00:00:00Z,Leeds,Gravel,1,13
521,41,1301,No,2021-04-04T00:00:00Z,Birmingham,Road,2,4
522,27,574,No,2021-06-16T00:00:00Z,Leeds,Road,2,16
523,33,563,Yes,2021-07-11T00:00:00Z,Birmingham,Road,3,11
524,44,1497,Yes,2021-10-15T00:00:00Z,Manchester,Road,4,15
525,25,903,Yes,2021-12-09T00:00:00Z,Manchester,Mountain,4,9
526,48,417,No,2021-05-30T00:00:00Z,York,Mountain,2,30
527,29,1327,No,2021-04-26T00:00:00Z,York,Mountain,2,26
528,28,1195,No,2021-08-07T00:00:00Z,York,Mountain,3,7
529,26,1687,No,2021-05-08T00:00:00Z,York,Gravel,2,8
530,49,805,Yes,2021-05-30T00:00:00Z,York,Gravel,2,30
531,29,1146,Yes,2021-04-15T00:00:00Z,London,Road,2,15
532,37,803,Yes,2021-07-05T00:00:00Z,London,Road,3,5
533,40,785,No,2021-02-20T00:00:00Z,London,Road,1,20
534,38,524,No,2021-10-19T00:00:00Z,London,Road,4,19
535,48,1599,No,2021-07-12T00:00:00Z,Leeds,Mountain,3,12
536,38,1532,No,2021-03-14T00:00:00Z,Birmingham,Mountain,1,14
537,37,453,Yes,2021-10-22T00:00:00Z,Leeds,Mountain,4,22
538,30,1137,Yes,2021-04-14T00:00:00Z,Birmingham,Mountain,2,14
539,31,1884,Yes,2021-11-23T00:00:00Z,Manchester,Gravel,4,23
540,35,1966,No,2021-03-17T00:00:00Z,Manchester,Gravel,1,17
541,39,1430,No,2021-11-19T00:00:00Z,York,Road,4,19
542,42,1772,No,2021-07-28T00:00:00Z,York,Road,3,28
543,50,1219,No,2021-05-08T00:00:00Z,York,Road,2,8
544,32,955,Yes,2021-09-12T00:00:00Z,York,Road,3,12
545,43,410,Yes,2021-06-09T00:00:00Z,York,Mountain,2,9
546,28,961,Yes,2021-04-27T00:00:00Z,London,Mountain,2,27
547,82,1854,No,2021-07-02T00:00:00Z,London,Mountain,3,2
548,31,1697,No,2021-07-07T00:00:00Z,London,Mountain,3,7
549,40,1507,No,2021-02-25T00:00:00Z,London,Gravel,1,25
550,33,1119,No,2021-10-05T00:00:00Z,Leeds,Gravel,4,5
551,28,1972,Yes,2021-02-12T00:00:00Z,York,Road,1,12
552,39,1609,Yes,2021-01-25T00:00:00Z,York,Road,1,25
553,41,836,Yes,2021-07-13T00:00:00Z,York,Road,3,13
554,35,464,No,2021-04-21T00:00:00Z,York,Road,2,21
555,48,1820,No,2021-10-18T00:00:00Z,York,Mountain,4,18
556,28,1008,No,2021-07-30T00:00:00Z,London,Mountain,3,30
557,50,1312,No,2021-10-21T00:00:00Z,London,Mountain,4,21
558,31,809,Yes,2021-02-10T00:00:00Z,London,Mountain,1,10
559,50,1953,Yes,2021-01-24T00:00:00Z,London,Gravel,1,24
560,38,1605,Yes,2021-09-11T00:00:00Z,Leeds,Gravel,3,11
561,40,1562,No,2021-02-21T00:00:00Z,Birmingham,Road,1,21
562,29,798,No,2021-09-13T00:00:00Z,Leeds,Road,3,13
563,38,1699,No,2021-09-05T00:00:00Z,Birmingham,Road,3,5
564,40,1394,No,2021-05-25T00:00:00Z,Manchester,Road,2,25
565,50,879,Yes,2021-07-04T00:00:00Z,Manchester,Mountain,3,4
566,37,622,Yes,2021-04-03T00:00:00Z,York,Mountain,2,3
567,41,1568,Yes,2021-08-08T00:00:00Z,York,Mountain,3,8
568,25,990,No,2021-10-04T00:00:00Z,York,Mountain,4,4
569,27,1704,No,2021-03-09T00:00:00Z,York,Gravel,1,9
570,25,1406,No,2021-11-17T00:00:00Z,York,Gravel,4,17
571,29,888,No,2021-11-18T00:00:00Z,London,Road,4,18
572,25,1570,Yes,2021-06-07T00:00:00Z,London,Road,2,7
573,48,1146,Yes,2021-10-21T00:00:00Z,London,Road,4,21
574,39,472,Yes,2021-08-18T00:00:00Z,London,Road,3,18
575,45,1593,No,2021-03-09T00:00:00Z,Leeds,Mountain,1,9
576,34,662,No,2021-07-10T00:00:00Z,Birmingham,Mountain,3,10
577,38,1861,No,2021-11-22T00:00:00Z,Leeds,Mountain,4,22
578,40,1703,No,2021-09-10T00:00:00Z,Birmingham,Mountain,3,10
579,50,652,Yes,2021-03-28T00:00:00Z,Manchester,Gravel,1,28
580,36,1970,Yes,2021-05-27T00:00:00Z,Manchester,Gravel,2,27
581,27,974,Yes,2021-11-07T00:00:00Z,York,Road,4,7
582,33,1375,No,2021-04-07T00:00:00Z,York,Road,2,7
583,41,474,No,2021-10-29T00:00:00Z,York,Road,4,29
584,25,1442,No,2021-05-07T00:00:00Z,York,Road,2,7
585,25,965,No,2021-07-23T00:00:00Z,York,Mountain,3,23
586,46,1517,Yes,2021-10-10T00:00:00Z,London,Mountain,4,10
587,25,1355,Yes,2021-10-10T00:00:00Z,London,Mountain,4,10
588,31,1799,Yes,2021-07-12T00:00:00Z,London,Mountain,3,12
589,26,427,No,2021-05-17T00:00:00Z,London,Gravel,2,17
590,31,756,No,2021-09-02T00:00:00Z,Leeds,Gravel,3,2
591,40,1308,No,2021-05-23T00:00:00Z,Birmingham,Road,2,23
592,38,908,No,2021-07-11T00:00:00Z,Leeds,Road,3,11
593,33,1386,Yes,2021-10-11T00:00:00Z,Birmingham,Road,4,11
594,38,1083,Yes,2021-03-09T00:00:00Z,Manchester,Road,1,9
595,47,1762,Yes,2021-01-20T00:00:00Z,Manchester,Mountain,1,20
596,28,639,No,2021-07-06T00:00:00Z,York,Mountain,3,6
597,25,1509,No,2021-03-30T00:00:00Z,York,Mountain,1,30
598,46,532,No,2021-06-03T00:00:00Z,York,Mountain,2,3
599,45,1131,No,2021-01-28T00:00:00Z,York,Gravel,1,28
600,42,3946,Yes,2021-09-05T00:00:00Z,York,Gravel,3,5
601,25,1731,Yes,2021-06-04T00:00:00Z,London,Road,2,4
602,38,3480,Yes,2021-09-22T00:00:00Z,London,Road,3,22
603,44,2968,No,2021-03-02T00:00:00Z,London,Road,1,2
604,46,1554,No,2021-04-01T00:00:00Z,London,Road,2,1
605,31,1870,No,2021-07-18T00:00:00Z,Leeds,Mountain,3,18
606,30,3839,No,2021-09-25T00:00:00Z,York,Mountain,3,25
607,47,4542,Yes,2021-07-07T00:00:00Z,York,Mountain,3,7
608,44,2146,Yes,2021-05-22T00:00:00Z,York,Mountain,2,22
609,50,3189,Yes,2021-08-29T00:00:00Z,York,Gravel,3,29
610,35,2248,No,2021-04-11T00:00:00Z,York,Gravel,2,11
611,25,1256,No,2021-09-12T00:00:00Z,London,Road,3,12
612,49,4847,No,2021-07-22T00:00:00Z,London,Road,3,22
613,33,4128,No,2021-06-11T00:00:00Z,London,Road,2,11
614,35,2743,Yes,2021-07-27T00:00:00Z,London,Road,3,27
615,33,3978,Yes,2021-02-10T00:00:00Z,Leeds,Mountain,1,10
616,49,4844,Yes,2021-11-06T00:00:00Z,Birmingham,Mountain,4,6
617,27,4548,No,2021-10-26T00:00:00Z,Leeds,Mountain,4,26
618,41,1468,No,2021-06-11T00:00:00Z,Birmingham,Mountain,2,11
619,44,3008,No,2021-12-07T00:00:00Z,Manchester,Gravel,4,7
620,49,1314,No,2021-03-02T00:00:00Z,Manchester,Gravel,1,2
621,47,3504,Yes,2021-06-21T00:00:00Z,York,Road,2,21
622,35,2483,Yes,2021-02-05T00:00:00Z,York,Road,1,5
623,41,4604,Yes,2021-05-10T00:00:00Z,York,Road,2,10
624,29,4111,No,2021-11-08T00:00:00Z,York,Road,4,8
625,40,4582,No,2021-01-23T00:00:00Z,York,Mountain,1,23
626,29,1466,No,2021-11-19T00:00:00Z,London,Mountain,4,19
627,47,4315,No,2021-03-10T00:00:00Z,London,Mountain,1,10
628,42,3741,Yes,2021-08-25T00:00:00Z,London,Mountain,3,25
629,31,1550,Yes,2021-11-07T00:00:00Z,London,Gravel,4,7
630,33,2348,Yes,2021-06-29T00:00:00Z,Leeds,Gravel,2,29
631,46,2395,No,2021-08-30T00:00:00Z,Birmingham,Road,3,30
632,31,2150,No,2021-09-19T00:00:00Z,Leeds,Road,3,19
633,41,2102,No,2021-02-19T00:00:00Z,Birmingham,Road,1,19
634,32,4873,No,2021-11-23T00:00:00Z,Manchester,Road,4,23
635,37,3568,Yes,2021-03-04T00:00:00Z,Manchester,Mountain,1,4
636,39,2822,Yes,2021-05-05T00:00:00Z,York,Mountain,2,5
637,47,4454,Yes,2021-05-30T00:00:00Z,York,Mountain,2,30
638,37,2113,No,2021-11-18T00:00:00Z,York,Mountain,4,18
639,34,4398,No,2021-03-23T00:00:00Z,York,Gravel,1,23
640,46,3714,No,2021-11-06T00:00:00Z,York,Gravel,4,6
641,34,2559,No,2021-11-22T00:00:00Z,London,Road,4,22
642,38,3956,Yes,2021-05-25T00:00:00Z,London,Road,2,25
643,28,4538,Yes,2021-06-27T00:00:00Z,London,Road,2,27
644,50,1536,Yes,2021-08-09T00:00:00Z,London,Road,3,9
645,40,4713,No,2021-07-08T00:00:00Z,Leeds,Mountain,3,8
646,36,3565,No,2021-11-21T00:00:00Z,Birmingham,Mountain,4,21
647,30,3130,No,2021-04-11T00:00:00Z,Leeds,Mountain,2,11
648,42,4912,No,2021-12-07T00:00:00Z,Birmingham,Mountain,4,7
649,47,3299,Yes,2021-10-30T00:00:00Z,Manchester,Gravel,4,30
650,49,4845,Yes,2021-01-31T00:00:00Z,Manchester,Gravel,1,31
651,40,2597,Yes,2021-01-29T00:00:00Z,York,Road,1,29
652,32,2898,No,2021-01-05T00:00:00Z,York,Road,1,5
653,43,2461,No,2021-07-21T00:00:00Z,York,Road,3,21
654,29,1918,No,2021-04-29T00:00:00Z,York,Road,2,29
655,41,3129,No,2021-11-09T00:00:00Z,York,Mountain,4,9
656,29,4420,Yes,2021-01-13T00:00:00Z,London,Mountain,1,13
657,41,3450,Yes,2021-01-07T00:00:00Z,London,Mountain,1,7
658,39,2635,Yes,2021-05-08T00:00:00Z,London,Mountain,2,8
659,36,4086,No,2021-04-28T00:00:00Z,London,Gravel,2,28
660,29,1105,No,2021-07-15T00:00:00Z,Leeds,Gravel,3,15
661,50,4425,No,2021-07-17T00:00:00Z,York,Road,3,17
662,36,1122,No,2021-09-28T00:00:00Z,York,Road,3,28
663,34,1631,Yes,2021-04-12T00:00:00Z,York,Road,2,12
664,28,3062,Yes,2021-09-13T00:00:00Z,York,Road,3,13
665,29,4459,Yes,2021-10-10T00:00:00Z,York,Mountain,4,10
666,33,1396,No,2021-03-22T00:00:00Z,London,Mountain,1,22
667,25,4814,No,2021-06-01T00:00:00Z,London,Mountain,2,1
668,42,2078,No,2021-11-21T00:00:00Z,London,Mountain,4,21
669,28,2529,No,2021-07-21T00:00:00Z,London,Gravel,3,21
670,28,3056,Yes,2021-11-02T00:00:00Z,Leeds,Gravel,4,2
671,38,1399,Yes,2021-07-25T00:00:00Z,Birmingham,Road,3,25
672,36,1802,Yes,2021-04-11T00:00:00Z,Leeds,Road,2,11
673,43,3255,No,2021-04-06T00:00:00Z,Birmingham,Road,2,6
674,43,1060,No,2021-10-09T00:00:00Z,Manchester,Road,4,9
675,48,1703,No,2021-04-03T00:00:00Z,Manchester,Mountain,2,3
676,50,3384,No,2021-06-16T00:00:00Z,York,Mountain,2,16
677,28,2135,Yes,2021-05-19T00:00:00Z,York,Mountain,2,19
678,30,4621,Yes,2021-05-02T00:00:00Z,York,Mountain,2,2
679,26,1684,Yes,2021-11-28T00:00:00Z,York,Gravel,4,28
680,47,4113,No,2021-10-27T00:00:00Z,York,Gravel,4,27
681,29,4072,No,2021-08-24T00:00:00Z,London,Road,3,24
682,30,1208,No,2021-05-24T00:00:00Z,London,Road,2,24
683,26,3580,No,2021-05-29T00:00:00Z,London,Road,2,29
684,42,3558,Yes,2021-11-11T00:00:00Z,London,Road,4,11
685,25,1926,Yes,2021-02-22T00:00:00Z,Leeds,Mountain,1,22
686,35,4714,Yes,2021-05-13T00:00:00Z,Birmingham,Mountain,2,13
687,35,1334,No,2021-07-12T00:00:00Z,Leeds,Mountain,3,12
688,27,4736,No,2021-03-27T00:00:00Z,Birmingham,Mountain,1,27
689,29,2893,No,2021-07-26T00:00:00Z,Manchester,Gravel,3,26
690,48,3743,No,2021-07-10T00:00:00Z,Manchester,Gravel,3,10
691,27,3095,Yes,2021-03-20T00:00:00Z,York,Road,1,20
692,30,2810,Yes,2021-02-27T00:00:00Z,York,Road,1,27
693,32,3433,Yes,2021-09-10T00:00:00Z,York,Road,3,10
694,48,3102,No,2021-08-28T00:00:00Z,York,Road,3,28
695,34,4038,No,2021-07-16T00:00:00Z,York,Mountain,3,16
696,26,2844,No,2021-02-05T00:00:00Z,London,Mountain,1,5
697,33,2552,No,2021-05-08T00:00:00Z,London,Mountain,2,8
698,31,4453,Yes,2021-04-13T00:00:00Z,London,Mountain,2,13
699,39,3790,Yes,2021-09-26T00:00:00Z,London,Gravel,3,26
700,46,1127,Yes,2021-08-18T00:00:00Z,Leeds,Gravel,3,18
701,39,4191,No,2021-06-08T00:00:00Z,Birmingham,Road,2,8
702,42,1180,No,2021-07-09T00:00:00Z,Leeds,Road,3,9
703,46,3711,No,2021-04-29T00:00:00Z,Birmingham,Road,2,29
704,25,1581,No,2021-04-25T00:00:00Z,Manchester,Road,2,25
705,34,4463,Yes,2021-03-03T00:00:00Z,Manchester,Mountain,1,3
706,49,3469,Yes,2021-08-04T00:00:00Z,York,Mountain,3,4
707,35,4307,Yes,2021-07-21T00:00:00Z,York,Mountain,3,21
708,46,3765,No,2021-10-01T00:00:00Z,York,Mountain,4,1
709,45,4553,No,2021-02-02T00:00:00Z,York,Gravel,1,2
710,28,2619,No,2021-07-23T00:00:00Z,York,Gravel,3,23
711,36,4029,No,2021-04-18T00:00:00Z,London,Road,2,18
712,44,4000,Yes,2021-07-09T00:00:00Z,London,Road,3,9
713,45,2995,Yes,2021-10-20T00:00:00Z,London,Road,4,20
714,48,4607,Yes,2021-05-21T00:00:00Z,London,Road,2,21
715,31,1736,No,2021-07-09T00:00:00Z,Leeds,Mountain,3,9
716,30,4123,No,2021-08-30T00:00:00Z,York,Mountain,3,30
717,26,2130,No,2021-02-10T00:00:00Z,York,Mountain,1,10
718,28,3909,No,2021-04-25T00:00:00Z,York,Mountain,2,25
719,43,2087,Yes,2021-09-14T00:00:00Z,York,Gravel,3,14
720,48,3385,Yes,2021-09-14T00:00:00Z,York,Gravel,3,14
721,44,4491,Yes,2021-06-12T00:00:00Z,London,Road,2,12
722,33,1609,No,2021-02-16T00:00:00Z,London,Road,1,16
723,39,4105,No,2021-10-01T00:00:00Z,London,Road,4,1
724,43,2019,No,2021-04-19T00:00:00Z,London,Road,2,19
725,41,3881,No,2021-03-16T00:00:00Z,Leeds,Mountain,1,16
726,49,4794,Yes,2021-10-25T00:00:00Z,Birmingham,Mountain,4,25
727,46,2217,Yes,2021-04-29T00:00:00Z,Leeds,Mountain,2,29
728,46,1974,Yes,2021-07-22T00:00:00Z,Birmingham,Mountain,3,22
729,29,4924,No,2021-08-04T00:00:00Z,Manchester,Gravel,3,4
730,33,1267,No,2021-01-21T00:00:00Z,Manchester,Gravel,1,21
731,26,2002,No,2021-03-08T00:00:00Z,York,Road,1,8
732,28,3356,No,2021-07-11T00:00:00Z,York,Road,3,11
733,46,1833,Yes,2021-04-15T00:00:00Z,York,Road,2,15
734,25,4588,Yes,2021-08-11T00:00:00Z,York,Road,3,11
735,36,1930,Yes,2021-01-28T00:00:00Z,York,Mountain,1,28
736,38,4064,No,2021-02-18T00:00:00Z,London,Mountain,1,18
737,39,4189,No,2021-07-04T00:00:00Z,London,Mountain,3,4
738,49,1442,No,2021-09-03T00:00:00Z,London,Mountain,3,3
739,36,1353,No,2021-10-25T00:00:00Z,London,Gravel,4,25
740,47,3167,Yes,2021-11-01T00:00:00Z,Leeds,Gravel,4,1
741,32,2456,Yes,2021-03-21T00:00:00Z,Birmingham,Road,1,21
742,40,2391,Yes,2021-09-14T00:00:00Z,Leeds,Road,3,14
743,50,4013,No,2021-07-25T00:00:00Z,Birmingham,Road,3,25
744,35,1506,No,2021-08-18T00:00:00Z,Manchester,Road,3,18
745,50,3048,No,2021-03-17T00:00:00Z,Manchester,Mountain,1,17
746,31,1972,No,2021-06-08T00:00:00Z,York,Mountain,2,8
747,32,3329,Yes,2021-01-23T00:00:00Z,York,Mountain,1,23
748,27,2065,Yes,2021-11-06T00:00:00Z,York,Mountain,4,6
749,43,3666,Yes,2021-09-11T00:00:00Z,York,Gravel,3,11
750,39,3199,No,2021-04-30T00:00:00Z,York,Gravel,2,30
751,36,4750,No,2021-01-29T00:00:00Z,London,Road,1,29
752,43,1601,No,2021-01-10T00:00:00Z,London,Road,1,10
753,47,4705,No,2021-02-18T00:00:00Z,London,Road,1,18
754,45,2468,Yes,2021-06-26T00:00:00Z,London,Road,2,26
755,40,1394,Yes,2021-05-10T00:00:00Z,Leeds,Mountain,2,10
756,42,2074,Yes,2021-08-23T00:00:00Z,Birmingham,Mountain,3,23
757,38,1475,No,2021-08-22T00:00:00Z,Leeds,Mountain,3,22
758,36,3884,No,2021-07-28T00:00:00Z,Birmingham,Mountain,3,28
759,38,4303,No,2021-03-13T00:00:00Z,Manchester,Gravel,1,13
760,31,3371,No,2021-10-02T00:00:00Z,Manchester,Gravel,4,2
761,27,3021,Yes,2021-03-21T00:00:00Z,York,Road,1,21
762,26,1010,Yes,2021-06-10T00:00:00Z,York,Road,2,10
763,30,1503,Yes,2021-07-23T00:00:00Z,York,Road,3,23
764,26,3853,No,2021-08-15T00:00:00Z,York,Road,3,15
765,40,4281,No,2021-02-22T00:00:00Z,York,Mountain,1,22
766,49,1092,No,2021-09-29T00:00:00Z,London,Mountain,3,29
767,42,1217,No,2021-06-02T00:00:00Z,London,Mountain,2,2
768,45,4235,Yes,2021-07-23T00:00:00Z,London,Mountain,3,23
769,35,3380,Yes,2021-11-27T00:00:00Z,London,Gravel,4,27
770,50,3724,Yes,2021-08-05T00:00:00Z,Leeds,Gravel,3,5
771,30,3426,No,2021-04-14T00:00:00Z,York,Road,2,14
772,43,3314,No,2021-07-19T00:00:00Z,York,Road,3,19
773,88,4797,No,2021-12-03T00:00:00Z,York,Road,4,3
774,37,3014,No,2021-06-20T00:00:00Z,York,Road,2,20
775,39,1081,Yes,2021-08-28T00:00:00Z,York,Mountain,3,28
776,38,3067,Yes,2021-04-10T00:00:00Z,London,Mountain,2,10
777,32,2185,Yes,2021-06-21T00:00:00Z,London,Mountain,2,21
778,37,3247,No,2021-03-18T00:00:00Z,London,Mountain,1,18
779,33,1229,No,2021-08-18T00:00:00Z,London,Gravel,3,18
780,44,1626,No,2021-08-30T00:00:00Z,Leeds,Gravel,3,30
781,43,3619,No,2021-08-26T00:00:00Z,Birmingham,Road,3,26
782,38,3049,Yes,2021-08-30T00:00:00Z,Leeds,Road,3,30
783,40,1308,Yes,2021-02-18T00:00:00Z,Birmingham,Road,1,18
784,39,1650,Yes,2021-05-17T00:00:00Z,Manchester,Road,2,17
785,38,3001,No,2021-07-24T00:00:00Z,Manchester,Mountain,3,24
786,47,4099,No,2021-01-27T00:00:00Z,York,Mountain,1,27
787,33,4882,No,2021-06-24T00:00:00Z,York,Mountain,2,24
788,38,2614,No,2021-10-10T00:00:00Z,York,Mountain,4,10
789,34,2442,Yes,2021-02-23T00:00:00Z,York,Gravel,1,23
790,48,1366,Yes,2021-05-11T00:00:00Z,York,Gravel,2,11
791,48,2080,Yes,2021-10-19T00:00:00Z,London,Road,4,19
792,41,2515,No,2021-04-04T00:00:00Z,London,Road,2,4
793,36,3334,No,2021-10-07T00:00:00Z,London,Road,4,7
794,47,4929,No,2021-03-22T00:00:00Z,London,Road,1,22
795,27,1013,No,2021-06-25T00:00:00Z,Leeds,Mountain,2,25
796,50,3541,Yes,2021-08-19T00:00:00Z,Birmingham,Mountain,3,19
797,26,4911,Yes,2021-11-06T00:00:00Z,Leeds,Mountain,4,6
798,27,4348,Yes,2021-07-20T00:00:00Z,Birmingham,Mountain,3,20
799,48,1417,No,2021-06-29T00:00:00Z,Manchester,Gravel,2,29
800,33,1174,No,2021-07-06T00:00:00Z,Manchester,Gravel,3,6
801,25,2054,No,2021-06-25T00:00:00Z,York,Road,2,25
802,47,3656,No,2021-05-28T00:00:00Z,York,Road,2,28
803,43,2808,Yes,2021-12-10T00:00:00Z,York,Road,4,10
804,42,1291,Yes,2021-05-22T00:00:00Z,York,Road,2,22
805,40,3107,Yes,2021-05-20T00:00:00Z,York,Mountain,2,20
806,43,3931,No,2021-09-11T00:00:00Z,London,Mountain,3,11
807,28,4396,No,2021-06-28T00:00:00Z,London,Mountain,2,28
808,35,2743,No,2021-07-27T00:00:00Z,London,Mountain,3,27
809,37,1460,No,2021-09-27T00:00:00Z,London,Gravel,3,27
810,26,3509,Yes,2021-11-02T00:00:00Z,Leeds,Gravel,4,2
811,32,3039,Yes,2021-11-01T00:00:00Z,Birmingham,Road,4,1
812,39,3939,Yes,2021-06-30T00:00:00Z,Leeds,Road,2,30
813,28,3688,No,2021-02-19T00:00:00Z,Birmingham,Road,1,19
814,39,2831,No,2021-03-10T00:00:00Z,Manchester,Road,1,10
815,49,4499,No,2021-03-18T00:00:00Z,Manchester,Mountain,1,18
816,50,4960,No,2021-07-19T00:00:00Z,York,Mountain,3,19
817,28,1979,Yes,2021-04-24T00:00:00Z,York,Mountain,2,24
818,27,1943,Yes,2021-10-18T00:00:00Z,York,Mountain,4,18
819,35,4246,Yes,2021-09-06T00:00:00Z,York,Gravel,3,6
820,34,1701,No,2021-06-22T00:00:00Z,York,Gravel,2,22
821,49,3656,No,2021-10-10T00:00:00Z,London,Road,4,10
822,45,3668,No,2021-09-18T00:00:00Z,London,Road,3,18
823,41,3117,No,2021-09-05T00:00:00Z,London,Road,3,5
824,30,1580,Yes,2021-02-03T00:00:00Z,London,Road,1,3
825,49,3514,Yes,2021-04-25T00:00:00Z,Leeds,Mountain,2,25
826,33,4461,Yes,2021-03-03T00:00:00Z,York,Mountain,1,3
827,41,4049,No,2021-03-26T00:00:00Z,York,Mountain,1,26
828,25,3295,No,2021-10-04T00:00:00Z,York,Mountain,4,4
829,28,1777,No,2021-11-20T00:00:00Z,York,Gravel,4,20
830,27,3971,No,2021-11-28T00:00:00Z,York,Gravel,4,28
831,44,1185,Yes,2021-03-20T00:00:00Z,London,Road,1,20
832,50,4184,Yes,2021-09-18T00:00:00Z,London,Road,3,18
833,28,3423,Yes,2021-05-21T00:00:00Z,London,Road,2,21
834,36,1313,No,2021-11-05T00:00:00Z,London,Road,4,5
835,28,1608,No,2021-01-31T00:00:00Z,Leeds,Mountain,1,31
836,50,3673,No,2021-03-20T00:00:00Z,Birmingham,Mountain,1,20
837,47,3633,No,2021-05-23T00:00:00Z,Leeds,Mountain,2,23
838,34,3080,Yes,2021-03-11T00:00:00Z,Birmingham,Mountain,1,11
839,40,4959,Yes,2021-02-07T00:00:00Z,Manchester,Gravel,1,7
840,47,4349,Yes,2021-05-13T00:00:00Z,Manchester,Gravel,2,13
841,42,1152,No,2021-04-01T00:00:00Z,York,Road,2,1
842,37,1095,No,2021-04-16T00:00:00Z,York,Road,2,16
843,39,3221,No,2021-05-16T00:00:00Z,York,Road,2,16
844,36,1154,No,2021-03-03T00:00:00Z,York,Road,1,3
845,43,2314,Yes,2021-04-15T00:00:00Z,York,Mountain,2,15
846,34,2937,Yes,2021-06-02T00:00:00Z,London,Mountain,2,2
847,43,3928,Yes,2021-10-01T00:00:00Z,London,Mountain,4,1
848,30,2236,No,2021-08-24T00:00:00Z,London,Mountain,3,24
849,36,3494,No,2021-01-27T00:00:00Z,London,Gravel,1,27
850,26,3237,No,2021-05-06T00:00:00Z,Leeds,Gravel,2,6
851,43,1058,No,2021-02-20T00:00:00Z,Birmingham,Road,1,20
852,43,1950,Yes,2021-04-08T00:00:00Z,Leeds,Road,2,8
853,40,4762,Yes,2021-03-18T00:00:00Z,Birmingham,Road,1,18
854,26,4772,Yes,2021-08-18T00:00:00Z,Manchester,Road,3,18
855,48,2885,No,2021-05-29T00:00:00Z,Manchester,Mountain,2,29
856,49,3553,No,2021-11-20T00:00:00Z,York,Mountain,4,20
857,40,4498,No,2021-08-16T00:00:00Z,York,Mountain,3,16
858,50,3374,No,2021-04-25T00:00:00Z,York,Mountain,2,25
859,45,3048,Yes,2021-08-30T00:00:00Z,York,Gravel,3,30
860,45,2073,Yes,2021-01-28T00:00:00Z,York,Gravel,1,28
861,40,1738,Yes,2021-06-23T00:00:00Z,London,Road,2,23
862,26,3664,No,2021-03-05T00:00:00Z,London,Road,1,5
863,29,2114,No,2021-02-02T00:00:00Z,London,Road,1,2
864,26,2910,No,2021-07-23T00:00:00Z,London,Road,3,23
865,35,2015,No,2021-06-15T00:00:00Z,Leeds,Mountain,2,15
866,49,1622,Yes,2021-03-23T00:00:00Z,Birmingham,Mountain,1,23
867,47,3889,Yes,2021-09-27T00:00:00Z,Leeds,Mountain,3,27
868,27,4641,Yes,2021-09-02T00:00:00Z,Birmingham,Mountain,3,2
869,48,3451,No,2021-04-17T00:00:00Z,Manchester,Gravel,2,17
870,48,3020,No,2021-09-17T00:00:00Z,Manchester,Gravel,3,17
871,50,3741,No,2021-09-30T00:00:00Z,York,Road,3,30
872,25,3574,No,2021-07-21T00:00:00Z,York,Road,3,21
873,25,4889,Yes,2021-04-17T00:00:00Z,York,Road,2,17
874,50,3729,Yes,2021-06-21T00:00:00Z,York,Road,2,21
875,29,3217,Yes,2021-10-24T00:00:00Z,York,Mountain,4,24
876,33,2565,No,2021-01-31T00:00:00Z,London,Mountain,1,31
877,27,2804,No,2021-05-21T00:00:00Z,London,Mountain,2,21
878,29,2914,No,2021-01-20T00:00:00Z,London,Mountain,1,20
879,35,2204,No,2021-07-26T00:00:00Z,London,Gravel,3,26
880,26,3597,Yes,2021-10-31T00:00:00Z,Leeds,Gravel,4,31
881,50,4780,Yes,2021-04-02T00:00:00Z,York,Road,2,2
882,42,1129,Yes,2021-08-28T00:00:00Z,York,Road,3,28
883,32,4903,No,2021-03-28T00:00:00Z,York,Road,1,28
884,29,4647,No,2021-06-03T00:00:00Z,York,Road,2,3
885,25,4300,No,2021-06-05T00:00:00Z,York,Mountain,2,5
886,29,4341,No,2021-07-04T00:00:00Z,London,Mountain,3,4
887,34,4883,Yes,2021-11-01T00:00:00Z,London,Mountain,4,1
888,39,2358,Yes,2021-05-10T00:00:00Z,London,Mountain,2,10
889,47,2636,Yes,2021-06-07T00:00:00Z,London,Gravel,2,7
890,33,3879,No,2021-02-02T00:00:00Z,Leeds,Gravel,1,2
891,36,3491,No,2021-07-25T00:00:00Z,Birmingham,Road,3,25
892,42,3037,No,2021-06-04T00:00:00Z,Leeds,Road,2,4
893,42,4580,No,2021-08-09T00:00:00Z,Birmingham,Road,3,9
894,25,3346,Yes,2021-04-11T00:00:00Z,Manchester,Road,2,11
895,35,4856,Yes,2021-05-11T00:00:00Z,Manchester,Mountain,2,11
896,46,1473,Yes,2021-07-02T00:00:00Z,York,Mountain,3,2
897,42,3803,No,2021-06-22T00:00:00Z,York,Mountain,2,22
898,47,4489,No,2021-04-30T00:00:00Z,York,Mountain,2,30
899,27,3788,No,2021-03-08T00:00:00Z,York,Gravel,1,8
900,25,4115,No,2021-11-14T00:00:00Z,York,Gravel,4,14
901,31,2599,Yes,2021-10-31T00:00:00Z,London,Road,4,31
902,36,1053,Yes,2021-09-14T00:00:00Z,London,Road,3,14
903,43,3805,Yes,2021-06-29T00:00:00Z,London,Road,2,29
904,40,2111,No,2021-10-23T00:00:00Z,London,Road,4,23
905,33,3774,No,2021-04-06T00:00:00Z,Leeds,Mountain,2,6
906,44,2643,No,2021-05-30T00:00:00Z,Birmingham,Mountain,2,30
907,26,3580,No,2021-06-05T00:00:00Z,Leeds,Mountain,2,5
908,50,4735,Yes,2021-10-26T00:00:00Z,Birmingham,Mountain,4,26
909,46,1453,Yes,2021-07-07T00:00:00Z,Manchester,Gravel,3,7
910,39,3582,Yes,2021-04-29T00:00:00Z,Manchester,Gravel,2,29
911,32,3056,No,2021-07-07T00:00:00Z,York,Road,3,7
912,45,4695,No,2021-04-21T00:00:00Z,York,Road,2,21
913,35,2578,No,2021-08-05T00:00:00Z,York,Road,3,5
914,35,4814,No,2021-09-25T00:00:00Z,York,Road,3,25
915,36,1500,Yes,2021-05-04T00:00:00Z,York,Mountain,2,4
916,48,3875,Yes,2021-02-27T00:00:00Z,London,Mountain,1,27
917,31,3836,Yes,2021-09-19T00:00:00Z,London,Mountain,3,19
918,25,1848,No,2021-01-30T00:00:00Z,London,Mountain,1,30
919,25,4768,No,2021-08-16T00:00:00Z,London,Gravel,3,16
920,48,4989,No,2021-09-04T00:00:00Z,Leeds,Gravel,3,4
921,47,1816,No,2021-05-20T00:00:00Z,Birmingham,Road,2,20
922,28,4761,Yes,2021-06-11T00:00:00Z,Leeds,Road,2,11
923,31,4030,Yes,2021-06-01T00:00:00Z,Birmingham,Road,2,1
924,35,3679,Yes,2021-11-05T00:00:00Z,Manchester,Road,4,5
925,44,3139,No,2021-07-07T00:00:00Z,Manchester,Mountain,3,7
926,26,1271,No,2021-09-17T00:00:00Z,York,Mountain,3,17
927,38,1248,No,2021-05-21T00:00:00Z,York,Mountain,2,21
928,48,4587,No,2021-04-01T00:00:00Z,York,Mountain,2,1
929,27,2328,Yes,2021-10-10T00:00:00Z,York,Gravel,4,10
930,29,2922,Yes,2021-02-28T00:00:00Z,York,Gravel,1,28
931,40,1642,Yes,2021-04-08T00:00:00Z,London,Road,2,8
932,30,1879,No,2021-09-30T00:00:00Z,London,Road,3,30
933,50,4199,No,2021-04-16T00:00:00Z,London,Road,2,16
934,43,3353,No,2021-04-16T00:00:00Z,London,Road,2,16
935,37,2429,No,2021-09-08T00:00:00Z,Leeds,Mountain,3,8
936,26,1783,Yes,2021-01-11T00:00:00Z,York,Mountain,1,11
937,27,4511,Yes,2021-01-18T00:00:00Z,York,Mountain,1,18
938,34,2704,Yes,2021-04-07T00:00:00Z,York,Mountain,2,7
939,42,4093,No,2021-09-09T00:00:00Z,York,Gravel,3,9
940,27,1615,No,2021-04-21T00:00:00Z,York,Gravel,2,21
941,43,3676,No,2021-01-16T00:00:00Z,London,Road,1,16
942,37,1161,No,2021-11-11T00:00:00Z,London,Road,4,11
943,40,3462,Yes,2021-05-07T00:00:00Z,London,Road,2,7
944,35,4837,Yes,2021-11-12T00:00:00Z,London,Road,4,12
945,39,1262,Yes,2021-11-24T00:00:00Z,Leeds,Mountain,4,24
946,27,1648,No,2021-03-28T00:00:00Z,Birmingham,Mountain,1,28
947,27,4840,No,2021-10-26T00:00:00Z,Leeds,Mountain,4,26
948,43,4646,No,2021-08-11T00:00:00Z,Birmingham,Mountain,3,11
949,49,4080,No,2021-08-22T00:00:00Z,Manchester,Gravel,3,22
950,32,2698,Yes,2021-01-28T00:00:00Z,Manchester,Gravel,1,28
951,42,2472,Yes,2021-03-18T00:00:00Z,York,Road,1,18
952,33,1623,Yes,2021-04-08T00:00:00Z,York,Road,2,8
953,31,1589,No,2021-04-13T00:00:00Z,York,Road,2,13
954,44,3500,No,2021-11-27T00:00:00Z,York,Road,4,27
955,46,4613,No,2021-03-09T00:00:00Z,York,Mountain,1,9
956,38,1946,No,2021-03-01T00:00:00Z,London,Mountain,1,1
957,37,3434,Yes,2021-09-11T00:00:00Z,London,Mountain,3,11
958,32,4159,Yes,2021-09-17T00:00:00Z,London,Mountain,3,17
959,42,2441,Yes,2021-11-19T00:00:00Z,London,Gravel,4,19
960,34,3685,No,2021-09-15T00:00:00Z,Leeds,Gravel,3,15
961,33,2827,No,2021-04-27T00:00:00Z,Birmingham,Road,2,27
962,34,1162,No,2021-11-15T00:00:00Z,Leeds,Road,4,15
963,39,4120,No,2021-05-08T00:00:00Z,Birmingham,Road,2,8
964,40,3701,Yes,2021-01-19T00:00:00Z,Manchester,Road,1,19
965,39,2580,Yes,2021-01-24T00:00:00Z,Manchester,Mountain,1,24
966,48,3085,Yes,2021-05-16T00:00:00Z,York,Mountain,2,16
967,27,3235,No,2021-05-05T00:00:00Z,York,Mountain,2,5
968,46,2660,No,2021-07-12T00:00:00Z,York,Mountain,3,12
969,43,1526,No,2021-01-19T00:00:00Z,York,Gravel,1,19
970,29,4541,No,2021-03-28T00:00:00Z,York,Gravel,1,28
971,44,3898,Yes,2021-09-04T00:00:00Z,London,Road,3,4
972,42,2680,Yes,2021-01-14T00:00:00Z,London,Road,1,14
973,38,4122,Yes,2021-09-22T00:00:00Z,London,Road,3,22
974,37,1400,No,2021-03-14T00:00:00Z,London,Road,1,14
975,37,1773,No,2021-02-27T00:00:00Z,Leeds,Mountain,1,27
976,31,1115,No,2021-03-13T00:00:00Z,Birmingham,Mountain,1,13
977,32,4963,No,2021-03-04T00:00:00Z,Leeds,Mountain,1,4
978,48,3283,Yes,2021-09-08T00:00:00Z,Birmingham,Mountain,3,8
979,35,1295,Yes,2021-02-25T00:00:00Z,Manchester,Gravel,1,25
980,47,1017,Yes,2021-02-02T00:00:00Z,Manchester,Gravel,1,2
981,41,1013,No,2021-07-13T00:00:00Z,York,Road,3,13
982,29,4350,No,2021-07-17T00:00:00Z,York,Road,3,17
983,33,2337,No,2021-08-31T00:00:00Z,York,Road,3,31
984,45,3760,No,2021-09-23T00:00:00Z,York,Road,3,23
985,46,1291,Yes,2021-01-26T00:00:00Z,York,Mountain,1,26
986,30,2403,Yes,2021-05-20T00:00:00Z,London,Mountain,2,20
987,32,2606,Yes,2021-11-22T00:00:00Z,London,Mountain,4,22
988,36,2367,No,2021-08-18T00:00:00Z,London,Mountain,3,18
989,25,4785,No,2021-10-25T00:00:00Z,London,Gravel,4,25
990,37,1315,No,2021-09-16T00:00:00Z,Leeds,Gravel,3,16
991,35,3019,No,2021-03-23T00:00:00Z,York,Road,1,23
992,40,3050,Yes,2021-10-07T00:00:00Z,York,Road,4,7
993,38,2353,Yes,2021-09-25T00:00:00Z,York,Road,3,25
994,30,4800,Yes,2021-05-20T00:00:00Z,York,Road,2,20
995,28,4337,No,2021-02-17T00:00:00Z,York,Mountain,1,17
996,42,3460,No,2021-09-03T00:00:00Z,London,Mountain,3,3
997,48,3409,No,2021-01-17T00:00:00Z,London,Mountain,1,17
998,81,2534,No,2021-03-26T00:00:00Z,London,Mountain,1,26
999,37,4312,Yes,2021-05-25T00:00:00Z,London,Gravel,2,25
1000,35,1200,Yes,2021-02-18T00:00:00Z,Leeds,Gravel,1,18
